"IndividualId","Time [min]","Organism|PeripheralVenousBlood|Aciclovir|Plasma (Peripheral Venous Blood) [µmol/l]"
0,0,0
0,1,2.712905
0,2,7.83021
0,3,13.10716
0,4,18.25368
0,5,23.23435
0,6,28.03255
0,7,32.63102
0,8,37.01669
0,9,41.18337
0,10,45.1312
0,11,46.15238
0,12,44.56405
0,13,42.62175
0,14,40.6276
0,15,38.62958
0,16,36.65697
0,17,34.73946
0,18,32.90197
0,19,31.16201
0,20,29.53005
0,21,28.01075
0,22,26.60459
0,23,25.30919
0,24,24.12015
0,25,23.03185
0,26,22.03797
0,27,21.13189
0,28,20.30689
0,29,19.55639
0,30,18.87406
0,31,18.25386
0,32,17.69013
0,33,17.17759
0,34,16.71139
0,35,16.28705
0,36,15.90047
0,37,15.54792
0,38,15.22598
0,39,14.93157
0,40,14.66191
0,41,14.41445
0,42,14.18696
0,43,13.97738
0,44,13.78389
0,45,13.60482
0,46,13.4387
0,47,13.28418
0,48,13.14007
0,49,13.00529
0,50,12.87891
0,51,12.76005
0,52,12.64795
0,53,12.54194
0,54,12.44141
0,55,12.34579
0,56,12.25462
0,57,12.16745
0,58,12.08387
0,59,12.00354
0,60,11.92616
0,61,11.85141
0,62,11.77905
0,63,11.70887
0,64,11.64065
0,65,11.57422
0,66,11.50942
0,67,11.44611
0,68,11.38416
0,69,11.32347
0,70,11.26392
0,71,11.20543
0,72,11.14791
0,73,11.09129
0,74,11.0355
0,75,10.98049
0,76,10.92618
0,77,10.87255
0,78,10.81953
0,79,10.7671
0,80,10.71522
0,81,10.66385
0,82,10.61296
0,83,10.56254
0,84,10.51256
0,85,10.463
0,86,10.41384
0,87,10.36505
0,88,10.31664
0,89,10.26857
0,90,10.22085
0,91,10.17346
0,92,10.12638
0,93,10.0796
0,94,10.03312
0,95,9.986937
0,96,9.941031
0,97,9.895391
0,98,9.850016
0,99,9.804909
0,100,9.760055
0,101,9.715448
0,102,9.671082
0,103,9.626958
0,104,9.583072
0,105,9.539418
0,106,9.495994
0,107,9.452796
0,108,9.409822
0,109,9.36707
0,110,9.324537
0,111,9.282222
0,112,9.240121
0,113,9.198233
0,114,9.156554
0,115,9.115084
0,116,9.073819
0,117,9.032759
0,118,8.991901
0,119,8.951244
0,120,8.910785
0,121,8.870521
0,122,8.830454
0,123,8.79058
0,124,8.750897
0,125,8.711406
0,126,8.672103
0,127,8.632988
0,128,8.59406
0,129,8.555319
0,130,8.516761
0,131,8.478386
0,132,8.440194
0,133,8.402183
0,134,8.364352
0,135,8.326699
0,136,8.289225
0,137,8.251927
0,138,8.214805
0,139,8.177857
0,140,8.141083
0,141,8.104482
0,142,8.068052
0,143,8.031793
0,144,7.995703
0,145,7.959783
0,146,7.924029
0,147,7.888443
0,148,7.853022
0,149,7.817767
0,150,7.782675
0,151,7.747747
0,152,7.712981
0,153,7.678376
0,154,7.643932
0,155,7.609648
0,156,7.575523
0,157,7.541556
0,158,7.507746
0,159,7.474092
0,160,7.440595
0,161,7.407252
0,162,7.374064
0,163,7.341029
0,164,7.308146
0,165,7.275415
0,166,7.242836
0,167,7.210407
0,168,7.178127
0,169,7.145997
0,170,7.114014
0,171,7.082179
0,172,7.05049
0,173,7.018947
0,174,6.987549
0,175,6.956296
0,176,6.925187
0,177,6.89422
0,178,6.863396
0,179,6.832714
0,180,6.802173
0,181,6.771772
0,182,6.741511
0,183,6.711389
0,184,6.681405
0,185,6.651558
0,186,6.621849
0,187,6.592275
0,188,6.562837
0,189,6.533533
0,190,6.504363
0,191,6.475327
0,192,6.446425
0,193,6.417656
0,194,6.389019
0,195,6.360512
0,196,6.332136
0,197,6.303889
0,198,6.275772
0,199,6.247783
0,200,6.219922
0,201,6.192187
0,202,6.164578
0,203,6.137095
0,204,6.109737
0,205,6.082505
0,206,6.055398
0,207,6.028416
0,208,6.001556
0,209,5.974819
0,210,5.948203
0,211,5.921709
0,212,5.895335
0,213,5.869081
0,214,5.842947
0,215,5.816932
0,216,5.791034
0,217,5.765254
0,218,5.739591
0,219,5.714046
0,220,5.688618
0,221,5.663305
0,222,5.638107
0,223,5.613024
0,224,5.588055
0,225,5.5632
0,226,5.538457
0,227,5.513828
0,228,5.48931
0,229,5.464904
0,230,5.440608
0,231,5.416423
0,232,5.392348
0,233,5.368382
0,234,5.344526
0,235,5.320778
0,236,5.297137
0,237,5.273604
0,238,5.250179
0,239,5.226859
0,240,5.203646
0,241,5.180538
0,242,5.157535
0,243,5.134636
0,244,5.111842
0,245,5.089151
0,246,5.066564
0,247,5.044078
0,248,5.021695
0,249,4.999413
0,250,4.977232
0,251,4.955153
0,252,4.933173
0,253,4.911293
0,254,4.889513
0,255,4.867831
0,256,4.846247
0,257,4.824761
0,258,4.803373
0,259,4.782082
0,260,4.760887
0,261,4.739788
0,262,4.718785
0,263,4.697877
0,264,4.677063
0,265,4.656344
0,266,4.635719
0,267,4.615188
0,268,4.594749
0,269,4.574402
0,270,4.554148
0,271,4.533986
0,272,4.513914
0,273,4.493933
0,274,4.474043
0,275,4.454243
0,276,4.434532
0,277,4.414911
0,278,4.395378
0,279,4.375934
0,280,4.356577
0,281,4.337308
0,282,4.318127
0,283,4.299032
0,284,4.280023
0,285,4.2611
0,286,4.242263
0,287,4.223511
0,288,4.204843
0,289,4.18626
0,290,4.167761
0,291,4.149345
0,292,4.131013
0,293,4.112763
0,294,4.094596
0,295,4.076511
0,296,4.058508
0,297,4.040586
0,298,4.022745
0,299,4.004984
0,300,3.987304
0,301,3.969704
0,302,3.952183
0,303,3.934741
0,304,3.917378
0,305,3.900093
0,306,3.882886
0,307,3.865757
0,308,3.848706
0,309,3.831731
0,310,3.814832
0,311,3.798011
0,312,3.781265
0,313,3.764594
0,314,3.747998
0,315,3.731478
0,316,3.715032
0,317,3.69866
0,318,3.682362
0,319,3.666138
0,320,3.649986
0,321,3.633908
0,322,3.617902
0,323,3.601968
0,324,3.586105
0,325,3.570314
0,326,3.554595
0,327,3.538946
0,328,3.523368
0,329,3.507859
0,330,3.492421
0,331,3.477052
0,332,3.461753
0,333,3.446522
0,334,3.43136
0,335,3.416266
0,336,3.40124
0,337,3.386282
0,338,3.371391
0,339,3.356567
0,340,3.34181
0,341,3.327118
0,342,3.312494
0,343,3.297935
0,344,3.283441
0,345,3.269013
0,346,3.254649
0,347,3.24035
0,348,3.226116
0,349,3.211946
0,350,3.197839
0,351,3.183795
0,352,3.169815
0,353,3.155898
0,354,3.142043
0,355,3.128251
0,356,3.11452
0,357,3.100851
0,358,3.087244
0,359,3.073698
0,360,3.060212
0,361,3.046788
0,362,3.033423
0,363,3.020119
0,364,3.006874
0,365,2.993689
0,366,2.980563
0,367,2.967496
0,368,2.954488
0,369,2.941538
0,370,2.928646
0,371,2.915812
0,372,2.903036
0,373,2.890317
0,374,2.877655
0,375,2.86505
0,376,2.852501
0,377,2.840009
0,378,2.827573
0,379,2.815192
0,380,2.802868
0,381,2.790598
0,382,2.778383
0,383,2.766224
0,384,2.754118
0,385,2.742068
0,386,2.730071
0,387,2.718127
0,388,2.706238
0,389,2.694402
0,390,2.682619
0,391,2.670888
0,392,2.65921
0,393,2.647585
0,394,2.636011
0,395,2.62449
0,396,2.613019
0,397,2.601601
0,398,2.590233
0,399,2.578917
0,400,2.567651
0,401,2.556435
0,402,2.54527
0,403,2.534154
0,404,2.523089
0,405,2.512073
0,406,2.501106
0,407,2.490189
0,408,2.47932
0,409,2.4685
0,410,2.457728
0,411,2.447005
0,412,2.43633
0,413,2.425702
0,414,2.415122
0,415,2.404589
0,416,2.394103
0,417,2.383664
0,418,2.373272
0,419,2.362926
0,420,2.352627
0,421,2.342373
0,422,2.332165
0,423,2.322003
0,424,2.311887
0,425,2.301816
0,426,2.291789
0,427,2.281808
0,428,2.271871
0,429,2.261978
0,430,2.25213
0,431,2.242326
0,432,2.232565
0,433,2.222848
0,434,2.213175
0,435,2.203545
0,436,2.193958
0,437,2.184413
0,438,2.174911
0,439,2.165451
0,440,2.156034
0,441,2.146659
0,442,2.137325
0,443,2.128033
0,444,2.118783
0,445,2.109574
0,446,2.100406
0,447,2.091279
0,448,2.082193
0,449,2.073147
0,450,2.064142
0,451,2.055176
0,452,2.046251
0,453,2.037366
0,454,2.02852
0,455,2.019714
0,456,2.010947
0,457,2.002218
0,458,1.993529
0,459,1.984879
0,460,1.976267
0,461,1.967693
0,462,1.959158
0,463,1.95066
0,464,1.942201
0,465,1.933779
0,466,1.925394
0,467,1.917048
0,468,1.908738
0,469,1.900465
0,470,1.892229
0,471,1.88403
0,472,1.875867
0,473,1.86774
0,474,1.85965
0,475,1.851596
0,476,1.843578
0,477,1.835595
0,478,1.827648
0,479,1.819736
0,480,1.811859
0,481,1.804017
0,482,1.79621
0,483,1.788438
0,484,1.780701
0,485,1.772997
0,486,1.765329
0,487,1.757694
0,488,1.750093
0,489,1.742526
0,490,1.734992
0,491,1.727492
0,492,1.720026
0,493,1.712592
0,494,1.705192
0,495,1.697824
0,496,1.69049
0,497,1.683187
0,498,1.675918
0,499,1.66868
0,500,1.661475
0,501,1.654301
0,502,1.647159
0,503,1.64005
0,504,1.632971
0,505,1.625924
0,506,1.618909
0,507,1.611924
0,508,1.60497
0,509,1.598048
0,510,1.591156
0,511,1.584294
0,512,1.577463
0,513,1.570662
0,514,1.563892
0,515,1.557151
0,516,1.550441
0,517,1.54376
0,518,1.537109
0,519,1.530487
0,520,1.523895
0,521,1.517332
0,522,1.510797
0,523,1.504292
0,524,1.497816
0,525,1.491368
0,526,1.484949
0,527,1.478558
0,528,1.472196
0,529,1.465861
0,530,1.459555
0,531,1.453277
0,532,1.447026
0,533,1.440804
0,534,1.434608
0,535,1.42844
0,536,1.4223
0,537,1.416187
0,538,1.4101
0,539,1.404041
0,540,1.398008
0,541,1.392003
0,542,1.386023
0,543,1.38007
0,544,1.374144
0,545,1.368243
0,546,1.362369
0,547,1.356521
0,548,1.350698
0,549,1.344901
0,550,1.33913
0,551,1.333384
0,552,1.327664
0,553,1.321969
0,554,1.316299
0,555,1.310654
0,556,1.305035
0,557,1.29944
0,558,1.293869
0,559,1.288324
0,560,1.282802
0,561,1.277305
0,562,1.271833
0,563,1.266384
0,564,1.26096
0,565,1.25556
0,566,1.250183
0,567,1.24483
0,568,1.239501
0,569,1.234195
0,570,1.228912
0,571,1.223653
0,572,1.218417
0,573,1.213204
0,574,1.208014
0,575,1.202847
0,576,1.197703
0,577,1.192582
0,578,1.187483
0,579,1.182406
0,580,1.177352
0,581,1.17232
0,582,1.16731
0,583,1.162323
0,584,1.157357
0,585,1.152414
0,586,1.147491
0,587,1.142591
0,588,1.137712
0,589,1.132855
0,590,1.128019
0,591,1.123204
0,592,1.118411
0,593,1.113638
0,594,1.108887
0,595,1.104156
0,596,1.099447
0,597,1.094758
0,598,1.09009
0,599,1.085442
0,600,1.080814
0,601,1.076207
0,602,1.071621
0,603,1.067054
0,604,1.062508
0,605,1.057981
0,606,1.053475
0,607,1.048988
0,608,1.04452
0,609,1.040073
0,610,1.035645
0,611,1.031236
0,612,1.026847
0,613,1.022477
0,614,1.018126
0,615,1.013794
0,616,1.009481
0,617,1.005188
0,618,1.000913
0,619,0.9966565
0,620,0.9924189
0,621,0.9881999
0,622,0.9839995
0,623,0.9798175
0,624,0.9756538
0,625,0.9715084
0,626,0.9673812
0,627,0.963272
0,628,0.9591809
0,629,0.9551077
0,630,0.9510524
0,631,0.9470149
0,632,0.9429951
0,633,0.9389929
0,634,0.9350083
0,635,0.9310411
0,636,0.9270914
0,637,0.9231589
0,638,0.9192438
0,639,0.9153457
0,640,0.9114645
0,641,0.9076002
0,642,0.9037529
0,643,0.8999224
0,644,0.8961086
0,645,0.8923115
0,646,0.888531
0,647,0.8847671
0,648,0.8810196
0,649,0.8772885
0,650,0.8735738
0,651,0.8698753
0,652,0.8661929
0,653,0.8625266
0,654,0.8588764
0,655,0.8552421
0,656,0.8516238
0,657,0.8480212
0,658,0.8444344
0,659,0.8408633
0,660,0.8373078
0,661,0.8337678
0,662,0.8302433
0,663,0.8267343
0,664,0.8232406
0,665,0.8197622
0,666,0.8162989
0,667,0.8128508
0,668,0.8094178
0,669,0.8059998
0,670,0.8025968
0,671,0.7992086
0,672,0.7958353
0,673,0.7924765
0,674,0.7891322
0,675,0.7858025
0,676,0.7824874
0,677,0.7791867
0,678,0.7759004
0,679,0.7726284
0,680,0.7693707
0,681,0.7661272
0,682,0.7628979
0,683,0.7596827
0,684,0.7564813
0,685,0.7532941
0,686,0.7501206
0,687,0.7469611
0,688,0.7438153
0,689,0.7406832
0,690,0.7375647
0,691,0.7344599
0,692,0.7313685
0,693,0.7282906
0,694,0.7252262
0,695,0.7221751
0,696,0.7191373
0,697,0.7161126
0,698,0.7131012
0,699,0.7101029
0,700,0.7071177
0,701,0.7041454
0,702,0.7011861
0,703,0.6982397
0,704,0.6953061
0,705,0.6923853
0,706,0.6894771
0,707,0.6865816
0,708,0.6836986
0,709,0.6808282
0,710,0.6779702
0,711,0.6751246
0,712,0.6722915
0,713,0.6694706
0,714,0.666662
0,715,0.6638656
0,716,0.6610813
0,717,0.6583092
0,718,0.655549
0,719,0.6528009
0,720,0.6500646
0,721,0.6473404
0,722,0.6446278
0,723,0.6419271
0,724,0.6392381
0,725,0.6365607
0,726,0.633895
0,727,0.6312408
0,728,0.6285981
0,729,0.6259669
0,730,0.6233471
0,731,0.6207386
0,732,0.6181415
0,733,0.6155556
0,734,0.6129808
0,735,0.6104173
0,736,0.6078649
0,737,0.6053235
0,738,0.6027931
0,739,0.6002736
0,740,0.5977651
0,741,0.5952676
0,742,0.5927808
0,743,0.5903048
0,744,0.5878395
0,745,0.5853848
0,746,0.5829409
0,747,0.5805074
0,748,0.5780845
0,749,0.5756721
0,750,0.5732701
0,751,0.5708785
0,752,0.5684972
0,753,0.5661263
0,754,0.5637655
0,755,0.561415
0,756,0.5590746
0,757,0.5567444
0,758,0.5544242
0,759,0.552114
0,760,0.5498138
0,761,0.5475235
0,762,0.5452431
0,763,0.5429726
0,764,0.5407118
0,765,0.5384608
0,766,0.5362195
0,767,0.5339879
0,768,0.5317659
0,769,0.5295534
0,770,0.5273505
0,771,0.5251571
0,772,0.5229731
0,773,0.5207986
0,774,0.5186335
0,775,0.5164778
0,776,0.5143313
0,777,0.512194
0,778,0.510066
0,779,0.5079472
0,780,0.5058375
0,781,0.5037369
0,782,0.5016453
0,783,0.4995627
0,784,0.4974891
0,785,0.4954244
0,786,0.4933686
0,787,0.4913216
0,788,0.4892834
0,789,0.4872541
0,790,0.4852334
0,791,0.4832214
0,792,0.4812181
0,793,0.4792234
0,794,0.4772373
0,795,0.4752597
0,796,0.4732906
0,797,0.47133
0,798,0.4693778
0,799,0.467434
0,800,0.4654985
0,801,0.4635714
0,802,0.4616525
0,803,0.4597418
0,804,0.4578394
0,805,0.4559451
0,806,0.4540589
0,807,0.4521809
0,808,0.450311
0,809,0.448449
0,810,0.4465951
0,811,0.4447491
0,812,0.442911
0,813,0.4410808
0,814,0.4392585
0,815,0.4374439
0,816,0.4356372
0,817,0.4338382
0,818,0.4320469
0,819,0.4302633
0,820,0.4284873
0,821,0.4267189
0,822,0.4249581
0,823,0.4232049
0,824,0.4214592
0,825,0.4197209
0,826,0.4179901
0,827,0.4162667
0,828,0.4145507
0,829,0.412842
0,830,0.4111407
0,831,0.4094466
0,832,0.4077598
0,833,0.4060802
0,834,0.4044078
0,835,0.4027425
0,836,0.4010844
0,837,0.3994333
0,838,0.3977893
0,839,0.3961524
0,840,0.3945224
0,841,0.3928994
0,842,0.3912834
0,843,0.3896742
0,844,0.3880719
0,845,0.3864765
0,846,0.3848879
0,847,0.3833061
0,848,0.381731
0,849,0.3801627
0,850,0.378601
0,851,0.377046
0,852,0.3754977
0,853,0.3739559
0,854,0.3724208
0,855,0.3708922
0,856,0.3693701
0,857,0.3678545
0,858,0.3663454
0,859,0.3648427
0,860,0.3633464
0,861,0.3618565
0,862,0.360373
0,863,0.3588957
0,864,0.3574248
0,865,0.3559602
0,866,0.3545018
0,867,0.3530495
0,868,0.3516035
0,869,0.3501637
0,870,0.3487299
0,871,0.3473023
0,872,0.3458807
0,873,0.3444653
0,874,0.3430558
0,875,0.3416524
0,876,0.340255
0,877,0.3388635
0,878,0.3374779
0,879,0.3360982
0,880,0.3347244
0,881,0.3333564
0,882,0.3319943
0,883,0.3306379
0,884,0.3292873
0,885,0.3279425
0,886,0.3266034
0,887,0.3252699
0,888,0.3239422
0,889,0.32262
0,890,0.3213035
0,891,0.3199926
0,892,0.3186873
0,893,0.3173875
0,894,0.3160932
0,895,0.3148044
0,896,0.3135211
0,897,0.3122433
0,898,0.3109708
0,899,0.3097038
0,900,0.3084421
0,901,0.3071858
0,902,0.3059348
0,903,0.3046891
0,904,0.3034487
0,905,0.3022136
0,906,0.3009837
0,907,0.2997589
0,908,0.2985394
0,909,0.2973251
0,910,0.2961158
0,911,0.2949118
0,912,0.2937128
0,913,0.2925188
0,914,0.2913299
0,915,0.2901461
0,916,0.2889672
0,917,0.2877933
0,918,0.2866244
0,919,0.2854604
0,920,0.2843014
0,921,0.2831472
0,922,0.2819979
0,923,0.2808534
0,924,0.2797138
0,925,0.278579
0,926,0.2774491
0,927,0.276324
0,928,0.2752036
0,929,0.2740879
0,930,0.272977
0,931,0.2718707
0,932,0.2707691
0,933,0.2696722
0,934,0.2685799
0,935,0.2674922
0,936,0.2664091
0,937,0.2653305
0,938,0.2642565
0,939,0.2631871
0,940,0.2621221
0,941,0.2610616
0,942,0.2600056
0,943,0.258954
0,944,0.2579069
0,945,0.2568642
0,946,0.2558259
0,947,0.2547919
0,948,0.2537623
0,949,0.252737
0,950,0.2517161
0,951,0.2506994
0,952,0.249687
0,953,0.2486789
0,954,0.247675
0,955,0.2466753
0,956,0.2456798
0,957,0.2446885
0,958,0.2437014
0,959,0.2427184
0,960,0.2417395
0,961,0.2407648
0,962,0.2397942
0,963,0.2388277
0,964,0.2378652
0,965,0.2369068
0,966,0.2359523
0,967,0.2350019
0,968,0.2340555
0,969,0.2331131
0,970,0.2321746
0,971,0.2312401
0,972,0.2303094
0,973,0.2293827
0,974,0.2284599
0,975,0.2275409
0,976,0.2266258
0,977,0.2257145
0,978,0.2248071
0,979,0.2239034
0,980,0.2230036
0,981,0.2221075
0,982,0.2212152
0,983,0.2203266
0,984,0.2194417
0,985,0.2185605
0,986,0.2176831
0,987,0.2168093
0,988,0.2159391
0,989,0.2150726
0,990,0.2142098
0,991,0.2133505
0,992,0.2124949
0,993,0.2116428
0,994,0.2107943
0,995,0.2099493
0,996,0.2091079
0,997,0.20827
0,998,0.2074355
0,999,0.2066046
0,1000,0.2057772
0,1001,0.2049532
0,1002,0.2041326
0,1003,0.2033155
0,1004,0.2025018
0,1005,0.2016915
0,1006,0.2008846
0,1007,0.200081
0,1008,0.1992808
0,1009,0.1984839
0,1010,0.1976904
0,1011,0.1969002
0,1012,0.1961133
0,1013,0.1953296
0,1014,0.1945492
0,1015,0.1937721
0,1016,0.1929983
0,1017,0.1922276
0,1018,0.1914602
0,1019,0.190696
0,1020,0.1899349
0,1021,0.189177
0,1022,0.1884223
0,1023,0.1876708
0,1024,0.1869223
0,1025,0.186177
0,1026,0.1854348
0,1027,0.1846957
0,1028,0.1839596
0,1029,0.1832266
0,1030,0.1824967
0,1031,0.1817698
0,1032,0.181046
0,1033,0.1803251
0,1034,0.1796073
0,1035,0.1788924
0,1036,0.1781805
0,1037,0.1774716
0,1038,0.1767656
0,1039,0.1760625
0,1040,0.1753624
0,1041,0.1746652
0,1042,0.1739709
0,1043,0.1732794
0,1044,0.1725909
0,1045,0.1719052
0,1046,0.1712223
0,1047,0.1705423
0,1048,0.1698651
0,1049,0.1691907
0,1050,0.1685192
0,1051,0.1678503
0,1052,0.1671843
0,1053,0.1665211
0,1054,0.1658605
0,1055,0.1652028
0,1056,0.1645477
0,1057,0.1638954
0,1058,0.1632458
0,1059,0.1625988
0,1060,0.1619546
0,1061,0.161313
0,1062,0.1606741
0,1063,0.1600378
0,1064,0.1594041
0,1065,0.1587731
0,1066,0.1581446
0,1067,0.1575188
0,1068,0.1568956
0,1069,0.1562749
0,1070,0.1556569
0,1071,0.1550414
0,1072,0.1544284
0,1073,0.153818
0,1074,0.1532101
0,1075,0.1526047
0,1076,0.1520018
0,1077,0.1514014
0,1078,0.1508035
0,1079,0.150208
0,1080,0.149615
0,1081,0.1490245
0,1082,0.1484364
0,1083,0.1478507
0,1084,0.1472675
0,1085,0.1466866
0,1086,0.1461082
0,1087,0.1455321
0,1088,0.1449584
0,1089,0.1443871
0,1090,0.1438181
0,1091,0.1432515
0,1092,0.1426872
0,1093,0.1421252
0,1094,0.1415656
0,1095,0.1410083
0,1096,0.1404532
0,1097,0.1399004
0,1098,0.1393499
0,1099,0.1388017
0,1100,0.1382557
0,1101,0.137712
0,1102,0.1371705
0,1103,0.1366312
0,1104,0.1360942
0,1105,0.1355594
0,1106,0.1350267
0,1107,0.1344963
0,1108,0.1339681
0,1109,0.133442
0,1110,0.1329181
0,1111,0.1323963
0,1112,0.1318767
0,1113,0.1313592
0,1114,0.1308438
0,1115,0.1303306
0,1116,0.1298195
0,1117,0.1293104
0,1118,0.1288035
0,1119,0.1282986
0,1120,0.1277958
0,1121,0.1272951
0,1122,0.1267964
0,1123,0.1262998
0,1124,0.1258052
0,1125,0.1253126
0,1126,0.124822
0,1127,0.1243335
0,1128,0.123847
0,1129,0.1233624
0,1130,0.1228798
0,1131,0.1223992
0,1132,0.1219206
0,1133,0.121444
0,1134,0.1209693
0,1135,0.1204965
0,1136,0.1200256
0,1137,0.1195567
0,1138,0.1190897
0,1139,0.1186246
0,1140,0.1181615
0,1141,0.1177002
0,1142,0.1172408
0,1143,0.1167833
0,1144,0.1163276
0,1145,0.1158738
0,1146,0.1154219
0,1147,0.1149718
0,1148,0.1145236
0,1149,0.1140772
0,1150,0.1136326
0,1151,0.1131898
0,1152,0.1127488
0,1153,0.1123096
0,1154,0.1118723
0,1155,0.1114367
0,1156,0.1110028
0,1157,0.1105708
0,1158,0.1101405
0,1159,0.109712
0,1160,0.1092852
0,1161,0.1088601
0,1162,0.1084368
0,1163,0.1080152
0,1164,0.1075954
0,1165,0.1071772
0,1166,0.1067607
0,1167,0.106346
0,1168,0.1059329
0,1169,0.1055215
0,1170,0.1051118
0,1171,0.1047037
0,1172,0.1042974
0,1173,0.1038926
0,1174,0.1034895
0,1175,0.1030881
0,1176,0.1026882
0,1177,0.10229
0,1178,0.1018935
0,1179,0.1014985
0,1180,0.1011052
0,1181,0.1007134
0,1182,0.1003232
0,1183,0.09993464
0,1184,0.09954763
0,1185,0.0991622
0,1186,0.09877833
0,1187,0.09839602
0,1188,0.09801526
0,1189,0.09763604
0,1190,0.09725837
0,1191,0.09688222
0,1192,0.0965076
0,1193,0.09613451
0,1194,0.09576292
0,1195,0.09539284
0,1196,0.09502426
0,1197,0.09465717
0,1198,0.09429157
0,1199,0.09392745
0,1200,0.0935648
0,1201,0.09320363
0,1202,0.09284391
0,1203,0.09248566
0,1204,0.09212885
0,1205,0.09177349
0,1206,0.09141956
0,1207,0.09106707
0,1208,0.090716
0,1209,0.09036635
0,1210,0.09001811
0,1211,0.08967128
0,1212,0.08932586
0,1213,0.08898183
0,1214,0.0886392
0,1215,0.08829795
0,1216,0.08795808
0,1217,0.08761957
0,1218,0.08728244
0,1219,0.08694667
0,1220,0.08661226
0,1221,0.08627919
0,1222,0.08594747
0,1223,0.08561709
0,1224,0.08528804
0,1225,0.08496032
0,1226,0.08463392
0,1227,0.08430883
0,1228,0.08398506
0,1229,0.08366259
0,1230,0.08334142
0,1231,0.08302154
0,1232,0.08270296
0,1233,0.08238565
0,1234,0.08206963
0,1235,0.08175488
0,1236,0.08144139
0,1237,0.08112916
0,1238,0.08081819
0,1239,0.08050848
0,1240,0.0802
0,1241,0.07989277
0,1242,0.07958677
0,1243,0.07928201
0,1244,0.07897846
0,1245,0.07867613
0,1246,0.07837503
0,1247,0.07807513
0,1248,0.07777643
0,1249,0.07747895
0,1250,0.07718265
0,1251,0.07688755
0,1252,0.07659363
0,1253,0.0763009
0,1254,0.07600933
0,1255,0.07571894
0,1256,0.07542972
0,1257,0.07514165
0,1258,0.07485474
0,1259,0.07456897
0,1260,0.07428436
0,1261,0.07400089
0,1262,0.07371855
0,1263,0.07343734
0,1264,0.07315726
0,1265,0.0728783
0,1266,0.07260046
0,1267,0.07232373
0,1268,0.07204811
0,1269,0.07177359
0,1270,0.07150017
0,1271,0.07122784
0,1272,0.0709566
0,1273,0.07068645
0,1274,0.07041738
0,1275,0.07014938
0,1276,0.06988245
0,1277,0.06961659
0,1278,0.0693518
0,1279,0.06908806
0,1280,0.06882537
0,1281,0.06856373
0,1282,0.06830314
0,1283,0.06804358
0,1284,0.06778506
0,1285,0.06752758
0,1286,0.06727113
0,1287,0.0670157
0,1288,0.06676129
0,1289,0.0665079
0,1290,0.06625552
0,1291,0.06600413
0,1292,0.06575377
0,1293,0.06550439
0,1294,0.065256
0,1295,0.06500861
0,1296,0.0647622
0,1297,0.06451678
0,1298,0.06427232
0,1299,0.06402884
0,1300,0.06378634
0,1301,0.0635448
0,1302,0.06330422
0,1303,0.0630646
0,1304,0.06282593
0,1305,0.06258821
0,1306,0.06235143
0,1307,0.06211559
0,1308,0.0618807
0,1309,0.06164673
0,1310,0.0614137
0,1311,0.06118159
0,1312,0.06095041
0,1313,0.06072013
0,1314,0.06049078
0,1315,0.06026234
0,1316,0.0600348
0,1317,0.05980816
0,1318,0.05958243
0,1319,0.05935759
0,1320,0.05913364
0,1321,0.05891058
0,1322,0.05868841
0,1323,0.05846712
0,1324,0.05824671
0,1325,0.05802717
0,1326,0.0578085
0,1327,0.05759069
0,1328,0.05737375
0,1329,0.05715767
0,1330,0.05694245
0,1331,0.05672807
0,1332,0.05651455
0,1333,0.05630187
0,1334,0.05609003
0,1335,0.05587903
0,1336,0.05566887
0,1337,0.05545954
0,1338,0.05525103
0,1339,0.05504335
0,1340,0.05483649
0,1341,0.05463044
0,1342,0.05442522
0,1343,0.0542208
0,1344,0.05401719
0,1345,0.05381438
0,1346,0.05361238
0,1347,0.05341117
0,1348,0.05321075
0,1349,0.05301113
0,1350,0.0528123
0,1351,0.05261425
0,1352,0.05241698
0,1353,0.05222049
0,1354,0.05202477
0,1355,0.05182982
0,1356,0.05163565
0,1357,0.05144224
0,1358,0.05124959
0,1359,0.0510577
0,1360,0.05086657
0,1361,0.05067619
0,1362,0.05048656
0,1363,0.05029768
0,1364,0.05010954
0,1365,0.04992214
0,1366,0.04973548
0,1367,0.04954955
0,1368,0.04936436
0,1369,0.04917989
0,1370,0.04899615
0,1371,0.04881313
0,1372,0.04863083
0,1373,0.04844925
0,1374,0.04826838
0,1375,0.04808822
0,1376,0.04790877
0,1377,0.04773002
0,1378,0.04755198
0,1379,0.04737464
0,1380,0.04719799
0,1381,0.04702203
0,1382,0.04684677
0,1383,0.04667219
0,1384,0.04649829
0,1385,0.04632508
0,1386,0.04615255
0,1387,0.04598069
0,1388,0.04580951
0,1389,0.045639
0,1390,0.04546915
0,1391,0.04529997
0,1392,0.04513146
0,1393,0.04496361
0,1394,0.04479641
0,1395,0.04462987
0,1396,0.04446398
0,1397,0.04429874
0,1398,0.04413415
0,1399,0.0439702
0,1400,0.04380689
0,1401,0.04364422
0,1402,0.04348218
0,1403,0.04332079
0,1404,0.04316002
0,1405,0.04299988
0,1406,0.04284036
0,1407,0.04268147
0,1408,0.0425232
0,1409,0.04236555
0,1410,0.04220851
0,1411,0.04205209
0,1412,0.04189627
0,1413,0.04174107
0,1414,0.04158646
0,1415,0.04143247
0,1416,0.04127907
0,1417,0.04112627
0,1418,0.04097407
0,1419,0.04082246
0,1420,0.04067144
0,1421,0.04052101
0,1422,0.04037116
0,1423,0.0402219
0,1424,0.04007322
0,1425,0.03992512
0,1426,0.03977759
0,1427,0.03963064
0,1428,0.03948426
0,1429,0.03933845
0,1430,0.03919321
0,1431,0.03904854
0,1432,0.03890442
0,1433,0.03876087
0,1434,0.03861788
0,1435,0.03847544
0,1436,0.03833356
0,1437,0.03819223
0,1438,0.03805144
0,1439,0.03791121
0,1440,0.03777152
